RptDt;TckrSymb;ISIN;Asst;QtyCtrctsDay;QtyShrDay;ValCtrctsDay;DnrMinRate;DnrAvrgRate;DnrMaxRate;TakrMinRate;TakrAvrgRate;TakrMaxRate
2020-06-15;AALR3;BRAALRACNOR6;AALR;8;216114;2346998,04;0,4200%;0,6000%;0,7000%;0,6400%;0,7500%;1,8000%
2020-06-15;ABCB4;BRABCBACNPR4;ABCB;16;67707;979720,29;0,1000%;0,2100%;0,2900%;0,2000%;0,3700%;1,0000%
2020-06-15;ABEV3;BRABEVACNOR1;ABEV;173;8291196;111682410,12;0,0100%;0,0700%;0,4600%;0,0300%;0,1200%;1,5000%
2020-06-15;ADHM3;BRADHMACNOR9;ADHM;1;56;137,2;3,6000%;3,6000%;3,6000%;6,0000%;6,0000%;6,0000%
2020-06-15;AFLT3;BRAFLTACNOR1;AFLT;2;212;2200,56;2,0000%;2,0000%;2,0000%;5,0000%;5,0000%;5,0000%
2020-06-15;AGRO3;BRAGROACNOR7;AGRO;11;7201;137323,07;1,7400%;2,4900%;3,0000%;3,0600%;4,1700%;5,3000%
2020-06-15;ALPA4;BRALPAACNPR7;ALPA;26;322067;8737677,71;0,0800%;0,1500%;0,3000%;0,2000%;0,2500%;3,5000%
2020-06-15;ALSO3;BRALSOACNOR5;ALSO;20;238604;6750107,16;0,0700%;0,1200%;0,1500%;0,1300%;0,1800%;0,6800%
2020-06-15;ALUP11;BRALUPCDAM15;ALUP;6;37357;901050,84;0,0900%;0,1300%;0,1400%;0,1400%;0,1600%;0,8000%
2020-06-15;ALUP4;BRALUPACNPR5;ALUP;2;266;1928,5;1,4400%;2,0700%;2,3000%;3,8400%;5,1000%;8,6400%
2020-06-15;AMAR3;BRAMARACNOR4;AMAR;25;87133;718847,25;0,5300%;0,8900%;1,1000%;1,0500%;1,3600%;3,2600%
2020-06-15;AMZO34;BRAMZOBDR002;AMZO;1;100;648371;5,0000%;5,0000%;5,0000%;5,5000%;5,5000%;5,5000%
2020-06-15;ANIM3;BRANIMACNOR6;ANIM;6;15767;373520,23;0,0400%;0,1100%;0,1200%;0,1500%;0,1900%;2,0000%
2020-06-15;APER3;BRAPERACNOR9;APER;2;2000;47140;0,4500%;0,4500%;0,4500%;0,8000%;0,8000%;0,8000%
2020-06-15;ARZZ3;BRARZZACNOR3;ARZZ;8;12065;522173,2;0,2000%;0,8100%;1,1000%;0,9600%;1,2600%;3,1000%
2020-06-15;ATMP3;BRATMPACNOR8;ATMP;1;67;328,97;3,6000%;3,6000%;3,6000%;6,0000%;6,0000%;6,0000%
2020-06-15;AVGO34;BRAVGOBDR003;AVGO;1;900;270999;5,0000%;5,0000%;5,0000%;5,5000%;5,5000%;5,5000%
2020-06-15;AZEV3;BRAZEVACNOR0;AZEV;3;2907;52791,12;2,3000%;2,3000%;2,3000%;3,8400%;3,8400%;3,8400%
2020-06-15;AZEV4;BRAZEVACNPR7;AZEV;2;4524;26963,04;1,9400%;3,2300%;3,6000%;4,0000%;5,5600%;6,0000%
2020-06-15;AZUL4;BRAZULACNPR4;AZUL;201;1984028;43331171,52;0,9900%;5,0600%;6,0300%;1,5200%;6,1800%;15,2500%
2020-06-15;B3SA3;BRB3SAACNOR6;B3SA;117;596527;29653357,17;0,0300%;0,0700%;0,1000%;0,0600%;0,1600%;0,8000%
2020-06-15;BAUH4;BRBAUHACNPR3;BAUH;1;1;83;3,0000%;3,0000%;3,0000%;5,0000%;5,0000%;5,0000%
2020-06-15;BBAS3;BRBBASACNOR3;BBAS;88;1216297;40454038,22;0,0200%;0,0600%;0,1000%;0,0400%;0,1600%;0,8000%
2020-06-15;BBDC3;BRBBDCACNOR1;BBDC;41;690013;13613956,49;0,0300%;0,0800%;0,2500%;0,0300%;0,1400%;1,1000%
2020-06-15;BBDC4;BRBBDCACNPR8;BBDC;164;3064625;65920083,75;0,0100%;0,0300%;0,1600%;0,0200%;0,0800%;2,0300%
2020-06-15;BBRK3;BRBBRKACNOR4;BBRK;2;5075;12230,75;1,6600%;1,6600%;1,6600%;2,7700%;2,7700%;2,7700%
2020-06-15;BBSE3;BRBBSEACNOR5;BBSE;81;3286327;85871724,51;0,1000%;0,7300%;0,8500%;0,1000%;0,8600%;2,6800%
2020-06-15;BEEF3;BRBEEFACNOR6;BEEF;90;636374;8247407,04;0,1000%;1,0500%;1,5000%;0,1000%;1,7100%;3,1500%
2020-06-15;BEES4;BRBEESACNPR6;BEES;1;14;83,72;3,6000%;3,6000%;3,6000%;6,0000%;6,0000%;6,0000%
2020-06-15;BGIP4;BRBGIPACNPR8;BGIP;1;21;504;1,5000%;1,5000%;1,5000%;3,5000%;3,5000%;3,5000%
2020-06-15;BIDI11;BRBIDICDAXX3;BIDI;19;127387;4080205,61;0,6300%;0,9300%;1,2600%;1,2600%;1,7100%;3,4000%
2020-06-15;BIDI3;BRBIDIACNOR3;BIDI;23;40026;369039,72;1,1900%;2,0900%;3,0000%;3,1500%;5,5700%;8,0000%
2020-06-15;BIDI4;BRBIDIACNPR0;BIDI;63;99072;1136355,84;0,5200%;1,3800%;1,9200%;0,8800%;3,0800%;4,4000%
2020-06-15;BIOM3;BRBIOMACNOR2;BIOM;2;300;5376;2,2100%;2,6300%;3,4600%;4,3500%;6,3600%;10,3700%
2020-06-15;BKBR3;BRBKBRACNOR4;BKBR;31;401548;4959117,8;4,3900%;9,5900%;11,0000%;6,8800%;10,3100%;13,2000%
2020-06-15;BMGB4;BRBMGBACNPR0;BMGB;8;28301;151410,35;0,9000%;0,9800%;1,5000%;1,6500%;1,9900%;5,0000%
2020-06-15;BOAC34;BRBOACBDR004;BOAC;1;3000;368700;5,0000%;5,0000%;5,0000%;5,5000%;5,5000%;5,5000%
2020-06-15;BOBR4;BRBOBRACNPR3;BOBR;1;100;185;1,0300%;1,0300%;1,0300%;5,0000%;5,0000%;5,0000%
2020-06-15;BOVA11;BRBOVACTF003;BOVA;1431;5405881;479015115,41;0,0200%;4,2900%;5,5000%;0,0200%;4,9800%;9,5000%
2020-06-15;BOVB11;BRBOVBCTF001;BOVB;1;74080;6810915,2;2,9500%;2,9500%;2,9500%;3,0000%;3,0000%;3,0000%
2020-06-15;BOVV11;BRBOVVCTF009;BOVV;111;122181;11287080,78;0,4000%;0,7600%;0,8800%;0,6000%;1,7300%;3,0000%
2020-06-15;BPAC11;BRBPACUNT006;BPAC;52;89959;5619738,73;0,1000%;0,2000%;0,2800%;0,2300%;0,3400%;1,1500%
2020-06-15;BPAN4;BRBPANACNPR1;BPAN;73;781734;6887076,54;0,1200%;0,2000%;0,2900%;0,2200%;0,5500%;2,2400%
2020-06-15;BRAP3;BRBRAPACNOR5;BRAP;2;354;11228,88;0,2900%;0,3000%;0,3400%;0,5700%;0,6900%;0,7100%
2020-06-15;BRAP4;BRBRAPACNPR2;BRAP;68;476084;16577244,88;0,1200%;0,3100%;0,3300%;0,2900%;0,3900%;1,6500%
2020-06-15;BRDT3;BRBRDTACNOR1;BRDT;35;168283;3779636,18;0,0500%;0,1000%;0,6100%;0,1200%;0,2800%;2,0000%
2020-06-15;BRFS3;BRBRFSACNOR8;BRFS;80;828230;17815227,3;0,0400%;0,0700%;0,1200%;0,0800%;0,1200%;1,0000%
2020-06-15;BRKM3;BRBRKMACNOR1;BRKM;1;6;157,14;0,2600%;0,2600%;0,2600%;1,0500%;1,0500%;1,0500%
2020-06-15;BRKM5;BRBRKMACNPA4;BRKM;117;2154970;53658753;0,2200%;0,4500%;0,5000%;0,3500%;0,5400%;1,5000%
2020-06-15;BRML3;BRBRMLACNOR9;BRML;133;2772029;30076514,65;0,0800%;0,1900%;0,2100%;0,1000%;0,2200%;1,5000%
2020-06-15;BRPR3;BRBRPRACNOR9;BRPR;14;100261;912375,1;0,1700%;0,3200%;0,3500%;0,3000%;0,5300%;3,0000%
2020-06-15;BRSR3;BRBRSRACNOR3;BRSR;1;1400;23478;0,5800%;0,5800%;0,5800%;0,7500%;0,7500%;0,7500%
2020-06-15;BRSR6;BRBRSRACNPB4;BRSR;24;129152;1797795,84;0,1800%;0,8400%;1,2000%;1,1500%;1,4400%;3,0400%
2020-06-15;BSEV3;BRBSEVACNOR3;BSEV;3;5000;15250;0,0600%;0,0600%;0,0600%;1,0000%;1,0000%;1,0000%
2020-06-15;BTOW3;BRBTOWACNOR8;BTOW;194;446801;44465635,52;0,0500%;0,7600%;1,7000%;0,3500%;1,9600%;5,0000%
2020-06-15;CAMB3;BRCAMBACNOR4;CAMB;8;9206;39125,5;0,7500%;0,9100%;2,0000%;1,7000%;2,1100%;5,0000%
2020-06-15;CAML3;BRCAMLACNOR3;CAML;40;870151;9571661;0,1400%;0,9900%;1,0600%;0,3200%;1,2400%;2,4000%
2020-06-15;CARD3;BRCARDACNOR9;CARD;17;8290;107023,9;0,5200%;1,9600%;3,4000%;3,3800%;4,3600%;4,5000%
2020-06-15;CATP34;BRCATPBDR003;CATP;1;200;122440;5,0000%;5,0000%;5,0000%;5,5000%;5,5000%;5,5000%
2020-06-15;CCPR3;BRCCPRACNOR9;CCPR;6;56080;888307,2;0,1000%;0,2300%;0,3300%;0,2200%;0,4200%;0,7500%
2020-06-15;CCRO3;BRCCROACNOR2;CCRO;164;1015531;14186968,07;0,0900%;0,3600%;0,7000%;0,1000%;0,7000%;2,5000%
2020-06-15;CEAB3;BRCEABACNOR1;CEAB;13;21813;250849,5;0,6700%;0,7700%;1,0600%;1,4000%;1,7600%;2,7000%
2020-06-15;CESP3;BRCESPACNOR3;CESP;2;346;10878,24;3,6000%;3,6000%;3,6000%;6,0000%;6,0000%;6,0000%
2020-06-15;CESP6;BRCESPACNPB4;CESP;12;69370;1915305,7;0,0900%;0,0900%;0,1500%;0,1800%;0,2000%;1,2000%
2020-06-15;CGAS5;BRCGASACNPA3;CGAS;1;1000;191000;0,1600%;0,1600%;0,1600%;0,2000%;0,2000%;0,2000%
2020-06-15;CIEL3;BRCIELACNOR3;CIEL;508;18000839;77403607,7;0,2000%;2,6700%;7,5000%;0,7600%;3,7400%;15,0000%
2020-06-15;CMCS34;BRCMCSBDR008;CMCS;1;1700;336753;5,0000%;5,0000%;5,0000%;5,5000%;5,5000%;5,5000%
2020-06-15;CMIG3;BRCMIGACNOR6;CMIG;20;436819;5102045,92;0,3000%;1,5200%;1,7500%;1,4500%;1,7000%;5,1000%
2020-06-15;CMIG4;BRCMIGACNPR3;CMIG;147;5339857;58524832,72;0,0200%;0,0500%;0,2500%;0,0500%;0,0700%;1,0000%
2020-06-15;CNTO3;BRCNTOACNOR5;CNTO;85;710408;22868033,52;1,0000%;6,6600%;7,9700%;7,1000%;8,4400%;11,5000%
2020-06-15;COGN3;BRCOGNACNOR2;COGN;137;3342843;21227053,05;0,1000%;0,2400%;0,3400%;0,2200%;0,2900%;2,0000%
2020-06-15;CPFE3;BRCPFEACNOR0;CPFE;35;543101;17509576,24;0,1900%;0,3300%;0,3900%;0,3100%;0,5900%;1,0000%
2020-06-15;CPLE3;BRCPLEACNOR8;CPLE;13;15400;938322;0,1700%;0,2600%;0,5200%;0,5100%;0,8300%;1,9000%
2020-06-15;CPLE6;BRCPLEACNPB9;CPLE;51;332155;21251276,9;1,0000%;2,9600%;3,5100%;3,0700%;3,6600%;5,1000%
2020-06-15;CPRE3;BRCPREACNOR5;CPRE;1;100;1800;1,8000%;1,8000%;1,8000%;5,0000%;5,0000%;5,0000%
2020-06-15;CRFB3;BRCRFBACNOR2;CRFB;63;1266551;23051228,2;1,5900%;2,7100%;3,1800%;2,8000%;3,1400%;4,5000%
2020-06-15;CRIV3;BRCRIVACNOR4;CRIV;2;33;213,51;1,5000%;1,5000%;1,5000%;2,5000%;2,5000%;2,5000%
2020-06-15;CSAN3;BRCSANACNOR6;CSAN;55;230553;14879890,62;0,8800%;2,8000%;3,2000%;0,8800%;3,2200%;4,8500%
2020-06-15;CSMG3;BRCSMGACNOR5;CSMG;23;33221;1842436,66;0,1800%;0,2800%;0,3000%;0,3500%;0,7100%;1,4000%
2020-06-15;CSNA3;BRCSNAACNOR6;CSNA;59;3168155;34469526,4;0,1000%;1,2900%;1,6200%;0,1000%;1,6800%;6,4000%
2020-06-15;CTGP34;BRCTGPBDR000;CTGP;1;700;181902;5,0000%;5,0000%;5,0000%;5,5000%;5,5000%;5,5000%
2020-06-15;CVCB3;BRCVCBACNOR1;CVCB;160;1172491;24669210,64;0,8600%;2,2100%;2,8000%;0,8600%;3,0400%;7,1300%
2020-06-15;CYRE3;BRCYREACNOR7;CYRE;128;2564179;51565639,69;0,0100%;0,2400%;0,4000%;0,0400%;0,3600%;1,4000%
2020-06-15;DIRR3;BRDIRRACNOR0;DIRR;35;1095818;12645739,72;0,1300%;0,2200%;0,2600%;0,2200%;0,3000%;3,0000%
2020-06-15;DISB34;BRDISBBDR006;DISB;1;1200;695952;5,0000%;5,0000%;5,0000%;5,5000%;5,5000%;5,5000%
2020-06-15;DIVO11;BRDIVOCTF002;DIVO;1;75;4113;1,2600%;1,2600%;1,2600%;2,1000%;2,1000%;2,1000%
2020-06-15;DMMO3;BRDMMOACNOR0;DMMO;14;433480;628546;4,2600%;8,8600%;10,0000%;5,4200%;15,1400%;18,9500%
2020-06-15;DTEX3;BRDTEXACNOR3;DTEX;24;120686;1455473,16;0,1200%;0,1900%;0,2500%;0,2800%;0,3000%;1,5000%
2020-06-15;ECOR3;BRECORACNOR8;ECOR;45;910713;11975875,95;0,1200%;0,2400%;0,2600%;0,2200%;0,2900%;1,0000%
2020-06-15;EGIE3;BREGIEACNOR9;EGIE;107;610043;25975630,94;0,1500%;0,2800%;0,5000%;0,2300%;0,3400%;1,0000%
2020-06-15;ELEK4;BRELEKACNPR2;ELEK;3;900;18801;1,0000%;3,0000%;7,0000%;4,0000%;5,6700%;9,0000%
2020-06-15;ELET3;BRELETACNOR6;ELET;72;465935;13703148,35;0,0800%;0,1400%;0,2500%;0,1000%;0,2300%;1,6200%
2020-06-15;ELET6;BRELETACNPB7;ELET;51;268916;8255721,2;0,1000%;0,2000%;0,3000%;0,1900%;0,2500%;2,1900%
2020-06-15;EMBR3;BREMBRACNOR4;EMBR;86;1412917;12546702,96;0,2500%;1,7400%;10,0000%;0,7500%;2,9000%;28,0000%
2020-06-15;ENAT3;BRENATACNOR0;ENAT;17;70406;726589,92;0,1600%;0,3300%;0,3500%;0,2500%;0,5300%;2,2000%
2020-06-15;ENBR3;BRENBRACNOR2;ENBR;54;355428;6308847;0,0300%;0,1000%;0,1300%;0,0500%;0,1800%;0,8000%
2020-06-15;ENEV3;BRENEVACNOR8;ENEV;18;82024;3198936;0,1500%;0,2700%;0,4100%;0,3200%;0,5200%;2,5500%
2020-06-15;ENGI11;BRENGICDAM16;ENGI;30;222089;10569215,51;0,2500%;0,4800%;0,5000%;0,4500%;0,5100%;2,5500%
2020-06-15;EQPA3;BREQPAACNOR1;EQPA;1;39;122,07;3,6000%;3,6000%;3,6000%;6,0000%;6,0000%;6,0000%
2020-06-15;EQTL3;BREQTLACNOR0;EQTL;141;841710;17861086,2;0,0400%;0,2200%;0,4000%;0,1000%;0,4100%;1,0800%
2020-06-15;ETER3;BRETERACNOR3;ETER;6;18984;64355,76;0,4700%;0,9900%;1,3300%;1,5500%;3,4700%;3,7100%
2020-06-15;EUCA3;BREUCAACNOR1;EUCA;3;122;3828,36;2,0000%;3,8500%;4,0000%;3,0000%;6,6600%;7,0000%
2020-06-15;EVEN3;BREVENACNOR8;EVEN;8;110535;993709,65;1,3100%;1,7200%;3,3800%;2,2500%;2,8100%;6,8000%
2020-06-15;EZTC3;BREZTCACNOR0;EZTC;64;988737;36603043,74;0,9900%;2,1200%;2,6000%;2,3000%;2,6400%;4,1000%
2020-06-15;FESA4;BRFESAACNPR5;FESA;11;85192;1577755,84;0,1200%;0,2300%;0,2900%;0,2200%;0,3000%;1,0000%
2020-06-15;FHER3;BRFHERACNOR5;FHER;4;6700;22311;0,4200%;0,4700%;0,4800%;0,8500%;0,9900%;1,6500%
2020-06-15;FIND11;BRFINDCTF007;FIND;1;16;1514,72;1,0200%;1,0200%;1,0200%;1,7000%;1,7000%;1,7000%
2020-06-15;FLRY3;BRFLRYACNOR5;FLRY;124;751187;18389057,76;0,2000%;0,3200%;0,4100%;0,2400%;0,4400%;2,0000%
2020-06-15;FRAS3;BRFRASACNOR0;FRAS;2;1600;8208;0,5600%;0,9800%;1,0800%;1,8000%;1,9300%;2,5000%
2020-06-15;GFSA3;BRGFSAACNOR3;GFSA;29;215200;1063088;3,6900%;6,1000%;10,8200%;8,0000%;8,9400%;23,0000%
2020-06-15;GGBR3;BRGGBRACNOR1;GGBR;12;103548;1220830,92;0,4400%;0,6000%;0,7400%;0,8000%;1,1100%;2,7000%
2020-06-15;GGBR4;BRGGBRACNPR8;GGBR;101;1855046;25432680,66;0,0700%;0,3600%;0,4200%;0,3000%;0,8600%;1,6600%
2020-06-15;GNDI3;BRGNDIACNOR2;GNDI;43;326143;20374153,21;0,0400%;0,0900%;0,2000%;0,0500%;0,1200%;1,1000%
2020-06-15;GOAU3;BRGOAUACNOR1;GOAU;8;11913;72073,65;1,0400%;1,4600%;2,2100%;3,5000%;4,1300%;5,0000%
2020-06-15;GOAU4;BRGOAUACNPR8;GOAU;86;1158198;7481959,08;0,0500%;0,1300%;0,2000%;0,1000%;0,2300%;1,5000%
2020-06-15;GOLL4;BRGOLLACNPR4;GOLL;397;1402098;26471610,24;3,1600%;8,9100%;23,0000%;3,1600%;14,8100%;26,1000%
2020-06-15;GRND3;BRGRNDACNOR3;GRND;32;333545;2601651;0,1100%;0,2100%;0,2500%;0,2200%;0,3200%;0,9000%
2020-06-15;GUAR3;BRGUARACNOR4;GUAR;26;68672;1104932,48;0,0900%;0,1700%;0,2400%;0,2500%;0,3500%;1,0000%
2020-06-15;HAPV3;BRHAPVACNOR4;HAPV;42;1016411;60110546,54;0,1100%;0,2100%;0,2400%;0,2200%;0,2500%;0,7000%
2020-06-15;HBOR3;BRHBORACNOR3;HBOR;54;411332;991310,12;0,5300%;1,0800%;2,9500%;0,9000%;2,4400%;4,7000%
2020-06-15;HGTX3;BRHGTXACNOR9;HGTX;332;1012432;14801755,84;0,1000%;0,2300%;0,2900%;0,2500%;0,4700%;1,0000%
2020-06-15;HOME34;BRHOMEBDR002;HOME;1;1400;851354;5,0000%;5,0000%;5,0000%;5,5000%;5,5000%;5,5000%
2020-06-15;HYPE3;BRHYPEACNOR0;HYPE;35;155598;5109838,32;0,0500%;0,0900%;0,1100%;0,0800%;0,1400%;1,5000%
2020-06-15;IDNT3;BRIDNTACNOR5;IDNT;1;600;2340;2,3000%;2,3000%;2,3000%;8,6400%;8,6400%;8,6400%
2020-06-15;IDVL3;BRIDVLACNOR5;IDVL;1;9561;21703,47;3,6000%;3,6000%;3,6000%;6,0000%;6,0000%;6,0000%
2020-06-15;IDVL4;BRIDVLACNPR2;IDVL;1;202;606;3,6000%;3,6000%;3,6000%;6,0000%;6,0000%;6,0000%
2020-06-15;IGTA3;BRIGTAACNOR5;IGTA;113;257678;9173336,8;0,1000%;1,3900%;1,7400%;0,1000%;1,9200%;3,7800%
2020-06-15;INEP4;BRINEPACNPR8;INEP;1;53;323,3;3,6000%;3,6000%;3,6000%;6,0000%;6,0000%;6,0000%
2020-06-15;IRBR3;BRIRBRACNOR4;IRBR;428;7650694;91196272,48;4,0000%;15,7200%;33,0000%;4,6800%;23,4000%;495,0000%
2020-06-15;ITLC34;BRITLCBDR005;ITLC;1;3300;982674;5,0000%;5,0000%;5,0000%;5,5000%;5,5000%;5,5000%
2020-06-15;ITSA3;BRITSAACNOR0;ITSA;9;33900;376629;0,2600%;0,5300%;0,7000%;0,6400%;0,8300%;2,2000%
2020-06-15;ITSA4;BRITSAACNPR7;ITSA;114;4225737;40989648,9;0,0200%;0,0500%;0,2100%;0,0200%;0,0900%;1,6000%
2020-06-15;ITUB3;BRITUBACNOR4;ITUB;28;483433;11800599,53;0,0200%;0,1300%;0,3000%;0,1600%;0,3400%;1,0400%
2020-06-15;ITUB4;BRITUBACNPR1;ITUB;143;6065319;157698294;0,0200%;0,0500%;0,2000%;0,0400%;0,0900%;1,5000%
2020-06-15;IVVB11;BRIVVBCTF001;IVVB;58;13617;2247758,19;0,5500%;1,7500%;3,2000%;1,1600%;5,0300%;7,2000%
2020-06-15;JBSS3;BRJBSSACNOR8;JBSS;64;1388358;30057950,7;0,0500%;0,1000%;0,1600%;0,0900%;0,1800%;1,5000%
2020-06-15;JFEN3;BRJFENACNOR0;JFEN;3;2600;10556;1,4400%;2,0100%;2,8800%;2,8800%;4,9300%;6,3000%
2020-06-15;JHSF3;BRJHSFACNOR2;JHSF;46;681382;4020153,8;0,1000%;0,6700%;0,9000%;0,1800%;1,1900%;2,5500%
2020-06-15;JNJB34;BRJNJBBDR002;JNJB;1;400;286456;5,0000%;5,0000%;5,0000%;5,5000%;5,5000%;5,5000%
2020-06-15;JPMC34;BRJPMCBDR009;JPMC;1;1700;424507;5,0000%;5,0000%;5,0000%;5,5000%;5,5000%;5,5000%
2020-06-15;JPSA3;BRJPSAACNOR6;JPSA;6;14700;357504;0,1900%;0,3200%;0,5600%;0,3200%;0,6100%;1,6300%
2020-06-15;JSLG3;BRJSLGACNOR2;JSLG;6;12204;265925,16;0,4000%;0,6600%;0,8800%;0,5900%;1,0300%;2,7000%
2020-06-15;KEPL3;BRKEPLACNOR1;KEPL;5;1210;35634,5;0,2800%;0,2900%;0,9000%;1,3500%;1,7500%;2,7000%
2020-06-15;KLBN11;BRKLBNCDAM18;KLBN;275;3797465;72531581,5;0,0700%;0,1400%;0,3000%;0,1000%;0,1700%;1,1700%
2020-06-15;KLBN3;BRKLBNACNOR2;KLBN;2;2597;10102,33;2,0300%;2,0300%;2,0300%;3,3900%;3,3900%;3,3900%
2020-06-15;KLBN4;BRKLBNACNPR9;KLBN;21;480427;1820818,33;0,0600%;0,1000%;0,1700%;0,1200%;0,2300%;1,1100%
2020-06-15;LAME3;BRLAMEACNOR9;LAME;26;164879;4196170,55;0,1300%;0,2000%;10,0000%;0,3000%;0,4500%;16,9000%
2020-06-15;LAME4;BRLAMEACNPR6;LAME;161;1559628;47927368,44;0,0200%;0,2100%;4,0000%;0,0200%;0,3000%;6,0000%
2020-06-15;LCAM3;BRLCAMACNOR3;LCAM;24;111052;1729079,64;0,0800%;0,2300%;0,6400%;0,3000%;0,4300%;2,3000%
2020-06-15;LEVE3;BRLEVEACNOR2;LEVE;11;31534;609552,22;0,1200%;0,2400%;0,2900%;0,2200%;0,3300%;0,8000%
2020-06-15;LIGT3;BRLIGTACNOR2;LIGT;58;1576274;24983942,9;0,1500%;0,4200%;0,5500%;0,3800%;0,5400%;2,0000%
2020-06-15;LINX3;BRLINXACNOR0;LINX;35;545442;10701572,04;1,1300%;2,5600%;2,8500%;2,2300%;2,7500%;4,5000%
2020-06-15;LOGG3;BRLOGGACNOR7;LOGG;27;74356;2110223,28;0,0700%;0,1500%;0,1500%;0,1500%;0,2500%;0,8000%
2020-06-15;LOGN3;BRLOGNACNOR3;LOGN;9;104156;1566506,24;0,2000%;0,3000%;0,3000%;0,4000%;0,5400%;1,0300%
2020-06-15;LPSB3;BRLPSBACNOR0;LPSB;4;19163;85083,72;0,2200%;0,3200%;0,5900%;0,9500%;0,9800%;2,1000%
2020-06-15;LREN3;BRLRENACNOR1;LREN;84;468537;19894081,02;0,0500%;0,1700%;0,2400%;0,1600%;0,3000%;1,2700%
2020-06-15;LUPA3;BRLUPAACNOR8;LUPA;1;12500;23000;0,7200%;0,7200%;0,7200%;1,2500%;1,2500%;1,2500%
2020-06-15;LWSA3;BRLWSAACNOR8;LWSA;9;10052;297137,12;0,1300%;0,3500%;0,4100%;0,5200%;1,4100%;1,7500%
2020-06-15;MDIA3;BRMDIAACNOR7;MDIA;28;609095;23553703,65;0,1400%;0,2300%;0,3000%;0,2200%;0,2900%;1,0200%
2020-06-15;MDNE3;BRMDNEACNOR9;MDNE;1;68;522,92;0,7300%;0,7300%;0,7300%;2,0200%;2,0200%;2,0200%
2020-06-15;MEAL3;BRMEALACNOR9;MEAL;7;302380;1185329,6;0,1600%;0,3200%;0,3800%;0,3500%;0,9900%;1,4600%
2020-06-15;MGLU3;BRMGLUACNOR2;MGLU;100;599970;38062096,8;0,0700%;0,1600%;0,3000%;0,1000%;0,3900%;2,1600%
2020-06-15;MILS3;BRMILSACNOR2;MILS;27;246139;1314382,26;0,1200%;0,1900%;0,2800%;0,2200%;0,3700%;1,2000%
2020-06-15;MMMC34;BRMMMCBDR000;MMMC;1;700;136087;5,0000%;5,0000%;5,0000%;5,5000%;5,5000%;5,5000%
2020-06-15;MMXM3;BRMMXMACNOR2;MMXM;1;89;151,3;3,6000%;3,6000%;3,6000%;6,0000%;6,0000%;6,0000%
2020-06-15;MOVI3;BRMOVIACNOR0;MOVI;29;145250;1872272,5;0,1100%;0,1700%;0,2200%;0,1900%;0,3000%;1,0000%
2020-06-15;MRCK34;BRMRCKBDR003;MRCK;1;300;120555;5,0000%;5,0000%;5,0000%;5,5000%;5,5000%;5,5000%
2020-06-15;MRFG3;BRMRFGACNOR0;MRFG;377;3938778;49471051,68;0,0700%;0,2300%;0,5000%;0,1500%;1,4700%;1,8400%
2020-06-15;MRVE3;BRMRVEACNOR2;MRVE;102;4393810;71663041,1;0,1000%;1,3700%;1,5000%;0,1000%;1,7400%;2,8000%
2020-06-15;MSFT34;BRMSFTBDR005;MSFT;1;400;380484;5,0000%;5,0000%;5,0000%;5,5000%;5,5000%;5,5000%
2020-06-15;MTRE3;BRMTREACNOR6;MTRE;3;8511;119494,44;0,1800%;0,2200%;0,2300%;0,2200%;0,4000%;0,8500%
2020-06-15;MTSA4;BRMTSAACNPR9;MTSA;1;1;17,18;3,6000%;3,6000%;3,6000%;6,0000%;6,0000%;6,0000%
2020-06-15;MULT3;BRMULTACNOR5;MULT;42;908349;19638505,38;0,1500%;0,7500%;0,9700%;0,1500%;0,8100%;2,7300%
2020-06-15;MUTC34;BRMUTCBDR008;MUTC;1;2000;488000;5,0000%;5,0000%;5,0000%;5,5000%;5,5000%;5,5000%
2020-06-15;MYPK3;BRMYPKACNOR7;MYPK;35;146963;2092753,12;0,3100%;0,6700%;0,8000%;0,6200%;0,8300%;2,5000%
2020-06-15;NEOE3;BRNEOEACNOR3;NEOE;26;250818;4727919,3;0,0400%;0,0600%;0,0800%;0,1200%;0,1300%;0,9000%
2020-06-15;NTCO3;BRNTCOACNOR5;NTCO;140;3810197;152255472,12;0,0700%;0,1800%;0,2400%;0,1500%;0,2600%;1,0000%
2020-06-15;NVDC34;BRNVDCBDR008;NVDC;1;500;225850;5,0000%;5,0000%;5,0000%;5,5000%;5,5000%;5,5000%
2020-06-15;ODPV3;BRODPVACNOR4;ODPV;44;534275;7426422,5;0,4900%;3,4700%;3,9000%;1,4800%;4,6700%;10,0000%
2020-06-15;OFSA3;BROFSAACNOR7;OFSA;1;4;118,16;0,7600%;0,7600%;0,7600%;1,2600%;1,2600%;1,2600%
2020-06-15;OIBR3;BROIBRACNOR1;OIBR;146;7813052;7344268,88;0,0500%;0,3200%;0,6000%;0,4000%;0,9100%;2,5000%
2020-06-15;OIBR4;BROIBRACNPR8;OIBR;26;103529;137693,57;0,8600%;1,8100%;2,7500%;1,7100%;4,4500%;8,2400%
2020-06-15;OMGE3;BROMGEACNOR0;OMGE;2;400;12824;0,0800%;0,1200%;0,1600%;0,2200%;1,0600%;1,9000%
2020-06-15;PARD3;BRPARDACNOR1;PARD;16;74110;1608928,1;0,1200%;0,2400%;0,4200%;0,2100%;0,3300%;1,0000%
2020-06-15;PCAR3;BRPCARACNOR3;PCAR;33;255090;16292598,3;0,0500%;0,1400%;0,2000%;0,1500%;0,2200%;0,9000%
2020-06-15;PDGR3;BRPDGRACNOR8;PDGR;3;1102;5311,64;0,2900%;0,3000%;0,3000%;0,5500%;0,5500%;1,4700%
2020-06-15;PETR3;BRPETRACNOR9;PETR;61;750542;15843941,62;0,0400%;0,0700%;0,1000%;0,0700%;0,1500%;1,0000%
2020-06-15;PETR4;BRPETRACNPR6;PETR;250;11133150;228452238;0,0200%;0,0600%;0,2100%;0,0200%;0,1200%;1,0800%
2020-06-15;PFIZ34;BRPFIZBDR006;PFIZ;1;600;101850;5,0000%;5,0000%;5,0000%;5,5000%;5,5000%;5,5000%
2020-06-15;PFRM3;BRPFRMACNOR1;PFRM;9;24300;125145;1,4900%;1,8300%;2,9700%;2,9800%;4,6800%;5,1000%
2020-06-15;PIBB11;BRPIBBCTF005;PIBB;6;643;99639,28;0,5300%;1,9200%;2,2000%;1,1600%;6,0600%;8,5000%
2020-06-15;PINE4;BRPINEACNPR8;PINE;3;406;1201,76;0,4000%;1,1200%;1,3500%;3,5000%;4,0200%;5,6300%
2020-06-15;PMAM3;BRPMAMACNOR3;PMAM;7;32851;434947,24;0,0800%;0,3000%;0,3800%;0,4200%;0,5000%;3,0000%
2020-06-15;PNVL3;BRPNVLACNOR9;PNVL;5;900;22032;0,7400%;0,7400%;0,7400%;1,4600%;1,4600%;1,4600%
2020-06-15;POMO3;BRPOMOACNOR0;POMO;1;1000;2900;1,3000%;1,3000%;1,3000%;3,3000%;3,3000%;3,3000%
2020-06-15;POMO4;BRPOMOACNPR7;POMO;40;1736460;5365661,4;0,1000%;0,2500%;0,3600%;0,1600%;0,4100%;1,1200%
2020-06-15;POSI3;BRPOSIACNOR9;POSI;24;303654;1660987,38;0,3500%;0,6600%;0,7000%;0,6000%;0,7600%;1,6000%
2020-06-15;PRIO3;BRPRIOACNOR1;PRIO;27;73437;2310328,02;0,8300%;1,5500%;1,8200%;1,7000%;2,2700%;5,4500%
2020-06-15;PRNR3;BRPRNRACNOR4;PRNR;1;500;5250;2,1000%;2,1000%;2,1000%;4,4300%;4,4300%;4,4300%
2020-06-15;PSSA3;BRPSSAACNOR7;PSSA;45;252357;12650656,41;0,1100%;0,1800%;0,4000%;0,2100%;0,2900%;0,8000%
2020-06-15;PTBL3;BRPTBLACNOR8;PTBL;20;40414;159231,16;0,5900%;0,8600%;1,5300%;1,9600%;2,6700%;2,7000%
2020-06-15;PTNT4;BRPTNTACNPR3;PTNT;1;820;3780,2;3,6000%;3,6000%;3,6000%;6,0000%;6,0000%;6,0000%
2020-06-15;QUAL3;BRQUALACNOR6;QUAL;33;103663;2671395,51;0,0300%;0,0500%;0,0800%;0,0600%;0,1000%;0,8000%
2020-06-15;RADL3;BRRADLACNOR0;RADL;97;323672;35063387,76;0,0700%;0,1000%;0,2000%;0,1500%;0,2000%;2,0000%
2020-06-15;RAIL3;BRRAILACNOR9;RAIL;79;1036716;24497599,08;0,0200%;0,0400%;0,2100%;0,0200%;0,0700%;1,5000%
2020-06-15;RAPT3;BRRAPTACNOR7;RAPT;2;185;1480;0,2100%;0,2100%;0,2100%;0,3500%;0,4600%;1,2600%
2020-06-15;RAPT4;BRRAPTACNPR4;RAPT;43;245223;2329618,5;0,0500%;0,0700%;0,1800%;0,0700%;0,1700%;1,0000%
2020-06-15;RENT3;BRRENTACNOR4;RENT;96;2400320;95340710,4;0,1100%;0,2100%;0,2900%;0,1700%;0,2700%;1,2300%
2020-06-15;RLOG3;BRRLOGACNOR4;RLOG;4;156023;2948834,7;0,1400%;0,2900%;0,2900%;0,3500%;0,3500%;3,0000%
2020-06-15;RNEW3;BRRNEWACNOR8;RNEW;1;100;286;2,0000%;2,0000%;2,0000%;5,0000%;5,0000%;5,0000%
2020-06-15;ROMI3;BRROMIACNOR8;ROMI;8;58722;719344,5;0,0600%;0,0900%;0,2300%;0,1500%;0,1700%;3,0000%
2020-06-15;RSID3;BRRSIDACNOR8;RSID;6;1486;7935,24;0,1000%;1,8800%;3,1600%;0,6000%;5,0600%;8,4000%
2020-06-15;SANB11;BRSANBCDAM13;SANB;461;1322670;39481699,5;0,0500%;0,2000%;0,2400%;0,1900%;0,4100%;1,6900%
2020-06-15;SANB3;BRSANBACNOR8;SANB;1;100;1478;0,2600%;0,2600%;0,2600%;1,0400%;1,0400%;1,0400%
2020-06-15;SANB4;BRSANBACNPR5;SANB;2;3344;49925,92;0,1500%;0,1600%;0,1900%;0,3000%;0,5100%;1,0000%
2020-06-15;SAPR11;BRSAPRCDAM13;SAPR;67;282078;8484906,24;0,0800%;0,2300%;0,2800%;0,2500%;0,3600%;1,0000%
2020-06-15;SAPR3;BRSAPRACNOR9;SAPR;6;17364;115991,52;0,0900%;2,0800%;3,0000%;2,1800%;8,2300%;15,0300%
2020-06-15;SAPR4;BRSAPRACNPR6;SAPR;16;87248;507783,36;0,1100%;0,3500%;0,4100%;0,4500%;0,4800%;2,0000%
2020-06-15;SBSP3;BRSBSPACNOR5;SBSP;60;1105860;58953396,6;0,0400%;0,1100%;0,4500%;0,0500%;0,1800%;0,9000%
2020-06-15;SCAR3;BRSCARACNOR7;SCAR;3;13000;436280;2,0000%;2,8700%;2,9900%;4,9900%;5,8100%;7,1000%
2020-06-15;SEER3;BRSEERACNOR5;SEER;25;380197;6227626,86;7,3500%;15,0600%;15,3000%;15,5500%;15,7500%;19,0000%
2020-06-15;SGPS3;BRSGPSACNOR4;SGPS;6;19901;148262,45;0,2400%;0,3400%;0,6000%;0,4500%;0,7600%;2,5000%
2020-06-15;SHOW3;BRSHOWACNOR7;SHOW;11;47400;130824;0,1200%;0,1900%;0,2900%;0,3000%;0,5200%;1,5000%
2020-06-15;SLCE3;BRSLCEACNOR2;SLCE;15;26852;604975,56;0,2700%;0,4200%;0,6800%;0,4800%;0,9100%;2,6100%
2020-06-15;SLED3;BRSLEDACNOR0;SLED;2;7616;15917,44;3,6000%;3,6000%;3,6000%;6,0000%;6,0000%;6,0000%
2020-06-15;SLED4;BRSLEDACNPR7;SLED;4;8576;8147,2;1,6800%;2,2700%;2,2700%;3,5200%;3,8000%;5,7400%
2020-06-15;SMAL11;BRSMALCTF002;SMAL;1055;444514;46171669,18;1,1600%;3,7600%;4,0000%;1,1600%;5,6700%;8,5000%
2020-06-15;SMLS3;BRSMLSACNOR1;SMLS;31;25040;418168;0,8400%;2,0000%;2,6200%;1,6800%;3,0900%;4,7000%
2020-06-15;SMTO3;BRSMTOACNOR3;SMTO;20;541261;10186532,02;0,1100%;0,2200%;0,2700%;0,2100%;0,2700%;0,9000%
2020-06-15;SQIA3;BRSQIAACNOR6;SQIA;16;46890;873560,7;0,0600%;0,1300%;0,2200%;0,1100%;0,3000%;2,0900%
2020-06-15;STBP3;BRSTBPACNOR3;STBP;28;632345;3364075,4;0,0500%;0,1100%;0,3100%;0,2200%;0,2600%;1,2100%
2020-06-15;SULA11;BRSULACDAM12;SULA;41;83239;3666677,95;0,0600%;0,2400%;0,5000%;0,1000%;0,3200%;2,0000%
2020-06-15;SUZB3;BRSUZBACNOR0;SUZB;345;2914774;108254706,36;0,1000%;0,2000%;0,2500%;0,1500%;0,2700%;0,8000%
2020-06-15;TAEE11;BRTAEECDAM10;TAEE;200;834628;23803590,56;0,1300%;1,6700%;2,3800%;1,2600%;2,2100%;3,9000%
2020-06-15;TAEE4;BRTAEEACNPR6;TAEE;3;842;8024,26;0,6500%;1,7700%;2,1600%;2,1500%;3,5100%;5,7600%
2020-06-15;TASA4;BRTASAACNPR4;TASA;9;6738;35644,02;0,1100%;0,2000%;0,4100%;0,1800%;0,9900%;1,5000%
2020-06-15;TCNO3;BRTCNOACNOR5;TCNO;2;1162;3230,36;1,8400%;1,8400%;1,8400%;3,0700%;3,0700%;3,0700%
2020-06-15;TCSA3;BRTCSAACNOR3;TCSA;36;124064;1254287,04;1,1400%;2,5100%;4,5000%;1,1400%;4,1900%;5,7000%
2020-06-15;TECN3;BRTECNACNOR6;TECN;5;7988;12381,4;3,9300%;4,5800%;4,5900%;7,6600%;7,7200%;12,4800%
2020-06-15;TELB4;BRTELBACNPR9;TELB;2;120;3963,6;0,7300%;1,2100%;3,6000%;1,4600%;2,2200%;6,0000%
2020-06-15;TEND3;BRTENDACNOR4;TEND;75;212674;5857041,96;0,3500%;0,7400%;1,2500%;0,7500%;1,1100%;2,5000%
2020-06-15;TESA3;BRTESAACNOR9;TESA;2;185;2147,85;3,5200%;3,5200%;3,5200%;5,0900%;5,0900%;5,0900%
2020-06-15;TEXA34;BRTEXABDR003;TEXA;1;700;437066;5,0000%;5,0000%;5,0000%;5,5000%;5,5000%;5,5000%
2020-06-15;TGMA3;BRTGMAACNOR7;TGMA;5;3027;68410,2;0,2100%;0,2400%;0,4000%;0,5500%;0,6800%;1,5000%
2020-06-15;TIET11;BRTIETCDAM15;TIET;44;260204;3616835,6;0,0600%;0,1500%;0,4100%;0,1500%;0,4300%;1,5000%
2020-06-15;TIET4;BRTIETACNPR7;TIET;3;10055;27148,5;0,4900%;0,8000%;1,0100%;1,3300%;1,3700%;2,9000%
2020-06-15;TIMP3;BRTIMPACNOR1;TIMP;79;2115333;29593508,67;0,0200%;0,0800%;0,1200%;0,0200%;0,1100%;0,7000%
2020-06-15;TOTS3;BRTOTSACNOR8;TOTS;62;376460;7932012,2;0,0400%;0,1100%;0,1500%;0,0500%;0,2000%;1,6400%
2020-06-15;TPIS3;BRTPISACNOR8;TPIS;2;21326;26230,98;0,1400%;0,1500%;0,1500%;0,3000%;0,3200%;0,6200%
2020-06-15;TRIS3;BRTRISACNOR4;TRIS;5;43751;458510,48;0,0800%;0,1000%;0,1500%;0,2000%;0,2300%;1,0000%
2020-06-15;TRPL3;BRTRPLACNOR4;TRPL;1;1700;42279;0,2200%;0,2200%;0,2200%;1,2800%;1,2800%;1,2800%
2020-06-15;TRPL4;BRTRPLACNPR1;TRPL;58;345765;6991368,3;0,1000%;0,2900%;0,4700%;0,2000%;0,7600%;2,5000%
2020-06-15;TUPY3;BRTUPYACNOR1;TUPY;47;150610;2756163;0,0800%;0,2000%;0,3500%;0,1800%;0,4900%;1,2000%
2020-06-15;TXRX4;BRTXRXACNPR0;TXRX;1;58;488,94;3,6000%;3,6000%;3,6000%;6,0000%;6,0000%;6,0000%
2020-06-15;UGPA3;BRUGPAACNOR8;UGPA;108;2420826;42969661,5;0,0400%;0,1500%;0,1700%;0,1000%;0,1900%;1,5000%
2020-06-15;UNIP3;BRUNIPACNOR7;UNIP;1;20;570,4;1,8000%;1,8000%;1,8000%;5,0000%;5,0000%;5,0000%
2020-06-15;UNIP6;BRUNIPACNPB8;UNIP;18;123513;3034714,41;0,0400%;0,1100%;0,7000%;0,1500%;0,2500%;2,0000%
2020-06-15;USIM3;BRUSIMACNOR3;USIM;6;500;3660;0,9100%;1,7900%;2,2800%;2,7000%;4,3800%;4,8000%
2020-06-15;USIM5;BRUSIMACNPA6;USIM;161;2418704;15745763,04;0,3000%;4,0200%;7,0000%;2,2000%;6,1400%;12,4600%
2020-06-15;VALE3;BRVALEACNOR0;VALE;119;1560829;82645895,55;0,0200%;0,0500%;0,5000%;0,0200%;0,1300%;2,0000%
2020-06-15;VISA34;BRVISABDR000;VISA;1;300;289083;5,0000%;5,0000%;5,0000%;5,5000%;5,5000%;5,5000%
2020-06-15;VIVA3;BRVIVAACNOR0;VIVA;32;187275;3681826,5;0,1600%;0,3200%;0,4000%;0,3500%;0,5300%;1,5000%
2020-06-15;VIVR3;BRVIVRACNOR4;VIVR;13;101310;170200,8;0,5000%;2,3700%;3,0000%;3,9000%;4,0500%;4,5500%
2020-06-15;VIVT3;BRVIVTACNOR0;VIVT;7;2917;143137,19;0,3500%;0,5200%;1,0700%;1,1800%;2,3800%;3,0000%
2020-06-15;VIVT4;BRVIVTACNPR7;VIVT;56;1382903;67762247;0,1500%;0,3700%;0,6700%;0,3500%;0,6800%;3,0000%
2020-06-15;VLID3;BRVLIDACNOR5;VLID;5;36550;412284;0,0700%;0,1700%;0,2600%;0,1500%;0,5400%;1,3000%
2020-06-15;VULC3;BRVULCACNOR2;VULC;11;91255;467225,6;0,1400%;0,1700%;0,2700%;0,2700%;0,4100%;1,5000%
2020-06-15;VVAR3;BRVVARACNOR1;VVAR;604;18687682;277138324,06;0,1000%;6,4200%;14,0000%;0,1000%;10,1500%;20,0000%
2020-06-15;WEGE3;BRWEGEACNOR0;WEGE;106;914025;39988593,75;0,0700%;0,1400%;0,2000%;0,1000%;0,1900%;1,0000%
2020-06-15;WHRL4;BRWHRLACNPR2;WHRL;1;1874;12274,7;3,6000%;3,6000%;3,6000%;6,0000%;6,0000%;6,0000%
2020-06-15;WIZS3;BRWIZSACNOR1;WIZS;162;412808;4590424,96;0,0900%;0,1300%;0,2100%;0,1100%;0,2500%;2,0000%
2020-06-15;WSON33;BRWSONBDR009;WSON;1;100;2923;3,6000%;3,6000%;3,6000%;6,0000%;6,0000%;6,0000%
2020-06-15;YDUQ3;BRYDUQACNOR3;YDUQ;93;425859;14134260,21;0,2500%;0,5600%;0,7000%;0,4800%;0,6600%;2,6000%
